{
  "images" : [
    {
      "resizing" : {
        "mode" : "9-part",
        "center" : {
          "mode" : "tile",
          "width" : 31,
          "height" : 25
        },
        "cap-insets" : {
          "bottom" : 7,
          "top" : 6,
          "right" : 7,
          "left" : 6
        }
      },
      "idiom" : "universal",
      "filename" : "yellowButton.png",
      "scale" : "1x"
    },
    {
      "resizing" : {
        "mode" : "9-part",
        "center" : {
          "mode" : "tile",
          "width" : 63,
          "height" : 51
        },
        "cap-insets" : {
          "bottom" : 13,
          "top" : 12,
          "right" : 12,
          "left" : 13
        }
      },
      "idiom" : "universal",
      "filename" : "yellowButton@2x.png",
      "scale" : "2x"
    },
    {
      "idiom" : "universal",
      "scale" : "3x"
    }
  ],
  "info" : {
    "version" : 1,
    "author" : "xcode"
  }
}