{
  "images" : [
    {
      "idiom" : "universal",
      "scale" : "1x"
    },
    {
      "resizing" : {
        "mode" : "3-part-vertical",
        "center" : {
          "mode" : "tile",
          "height" : 46
        },
        "cap-insets" : {
          "top" : 15,
          "bottom" : 7
        }
      },
      "idiom" : "universal",
      "filename" : "bg_navigationbar_route@2x.png",
      "scale" : "2x"
    },
    {
      "idiom" : "universal",
      "scale" : "3x"
    }
  ],
  "info" : {
    "version" : 1,
    "author" : "xcode"
  }
}